{"stat.pickup.tconstruct.book":1,"stat.leaveGame":16,"stat.craftItem.minecraft.iron_axe":1,"stat.pickup.tconstruct.edible":2,"stat.pickup.forestry.resources":56,"stat.pickup.gravestone.death_info":1,"stat.useItem.minecraft.planks":10,"stat.craftItem.iceandfire.armor_green_chestplate":2,"stat.drop.tconstruct.slime_boots":2,"stat.mineBlock.gravestone.gravestone":3,"stat.pickup.tconstruct.slimesling":3,"stat.mineBlock.minecraft.stone_brick_stairs":2,"stat.pickup.minecraft.rotten_flesh":2,"stat.pickup.minecraft.sand":2,"stat.craftItem.extrabows.iron_bow":1,"stat.entityKilledBy.firedragon":1,"stat.pickup.quark.tallow":5,"stat.useItem.minecraft.iron_pickaxe":158,"stat.pickup.grimpack.instruction_manual":1,"stat.craftItem.minecraft.wooden_pickaxe":1,"stat.drop.minecraft.cooked_mutton":2,"stat.pickup.minecraft.double_plant":1,"stat.craftItem.minecraft.bed":1,"stat.drop.gravestone.death_info":3,"stat.mineBlock.chisel.marble2":2,"stat.pickup.thermalfoundation.material":38,"stat.furnaceInteraction":73,"stat.mineBlock.botania.flower":1,"stat.pickup.iceandfire.dragon_skull":2,"stat.mineBlock.tconstruct.slime_vine_blue_mid":1,"stat.pickup.minecraft.beef":48,"stat.pickup.minecraft.furnace":4,"stat.useItem.minecraft.cooked_mutton":19,"stat.pickup.minecraft.skull":1,"stat.craftItem.extrabows.strong_iron":1,"stat.mineBlock.iceandfire.ash":1,"stat.craftItem.extrabows.stone_bow":1,"stat.pickup.minecraft.potion":2,"stat.pickup.minecraft.emerald":5,"stat.useItem.minecraft.beef":1,"stat.deaths":9,"stat.pickup.minecraft.egg":3,"stat.playOneMinute":157244,"stat.craftItem.minecraft.iron_pickaxe":1,"stat.pickup.chisel.marble2":2,"stat.mineBlock.minecraft.tallgrass":24,"stat.craftItem.minecraft.cooked_mutton":16,"stat.pickup.minecraft.cooked_mutton":10,"stat.chestOpened":21,"stat.pickup.minecraft.iron_sword":2,"stat.pickup.minecraft.gold_nugget":218,"stat.useItem.minecraft.experience_bottle":2,"stat.fallOneCm":39241,"stat.crouchOneCm":7225,"stat.craftItem.minecraft.iron_ingot":12,"stat.craftingTableInteraction":32,"stat.pickup.harvestcraft.agaveitem":1,"stat.mineBlock.minecraft.log2":4,"stat.pickup.minecraft.feather":1,"stat.pickup.minecraft.planks":34,"stat.pickup.chisel.limestone2":2,"stat.pickup.minecraft.wheat_seeds":12,"stat.useItem.minecraft.stone_pickaxe":93,"stat.useItem.minecraft.wool":1,"stat.mineBlock.minecraft.dirt":8,"stat.pickup.immersiveengineering.seed":3,"stat.drop.botania.flower":2,"stat.pickup.minecraft.crafting_table":13,"stat.useItem.minecraft.cobblestone":24,"stat.craftItem.minecraft.crafting_table":4,"stat.mineBlock.minecraft.emerald_ore":5,"stat.pickup.minecraft.log":14,"stat.pickup.minecraft.iron_pickaxe":4,"stat.craftItem.minecraft.gold_ingot":23,"stat.drop.minecraft.planks":10,"stat.pickup.minecraft.sapling":15,"stat.pickup.minecraft.apple":1,"stat.mineBlock.iceandfire.goldpile":46,"stat.craftItem.minecraft.planks":48,"stat.useItem.minecraft.iron_sword":4,"stat.pickup.iceandfire.dragonscales_green":82,"stat.mineBlock.minecraft.log":8,"stat.pickup.harvestcraft.sisalitem":3,"stat.pickup.iceandfire.dragonbone":28,"stat.pickup.tconstruct.slime_boots":3,"stat.sneakTime":2677,"stat.pickup.minecraft.wool":14,"stat.craftItem.extrabows.strong_stone":1,"stat.useItem.minecraft.wooden_axe":41,"stat.pickup.minecraft.yellow_flower":1,"stat.pickup.minecraft.bone":17,"stat.pickup.forestry.sapling":1,"stat.useItem.minecraft.iron_axe":23,"stat.mineBlock.minecraft.cobblestone":4,"stat.craftItem.tconstruct.edible":16,"stat.mineBlock.minecraft.yellow_flower":1,"stat.entityKilledBy.CultistCleric":1,"stat.useItem.harvestcraft.cassavaitem":4,"stat.craftItem.tconstruct.slimesling":3,"stat.swimOneCm":15516,"stat.climbOneCm":135,"stat.pickup.harvestcraft.cactusfruititem":3,"stat.useItem.minecraft.dirt":10,"stat.useItem.minecraft.stone_slab2":25,"stat.pickup.harvestcraft.chickpeaitem":1,"stat.pickup.minecraft.iron_boots":2,"stat.craftItem.minecraft.furnace":1,"stat.useItem.minecraft.egg":3,"stat.craftItem.minecraft.stone_pickaxe":1,"stat.craftItem.minecraft.cooked_beef":23,"stat.pickup.minecraft.cobblestone":79,"stat.craftItem.minecraft.bow":1,"stat.pickup.harvestcraft.lentilitem":2,"stat.mineBlock.chisel.limestone2":2,"stat.flyOneCm":1720652,"stat.useItem.minecraft.cooked_beef":21,"stat.pickup.minecraft.redstone":6,"stat.mineBlock.minecraft.iron_ore":8,"stat.timeSinceDeath":6370,"stat.pickup.minecraft.mutton":31,"stat.killEntity.Bat":1,"stat.mineBlock.minecraft.coal_ore":35,"stat.pickup.minecraft.string":9,"stat.craftItem.tconstruct.slime_boots":4,"stat.craftItem.minecraft.stone_slab2":0,"stat.useItem.minecraft.written_book":2,"stat.sprintOneCm":196262,"stat.craftItem.minecraft.stick":16,"stat.craftItem.minecraft.wooden_axe":1,"stat.drop.minecraft.potion":1,"stat.mineBlock.minecraft.crafting_table":9,"stat.pickup.botania.flower":3,"stat.mineBlock.minecraft.planks":2,"stat.drop":22,"stat.pickup.harvestcraft.cassavaitem":6,"stat.killEntity.Sheep":11,"stat.pickup.minecraft.slime_ball":2,"stat.diveOneCm":32368,"stat.craftItem.minecraft.slime_ball":4,"stat.craftItem.ironbackpacks.backpack":1,"stat.craftItem.iceandfire.armor_green_helmet":1,"stat.craftItem.forestry.resource_storage":28,"stat.pickup.minecraft.stone_brick_stairs":1,"stat.jump":2089,"stat.pickup.minecraft.coal":157,"stat.pickup.minecraft.iron_ingot":11,"stat.pickup.minecraft.dirt":14,"stat.pickup.minecraft.experience_bottle":91,"stat.pickup.minecraft.iron_ore":11,"stat.pickup.tconstruct.slime_congealed":21,"stat.pickup.iceandfire.fire_dragon_heart":2,"stat.pickup.minecraft.gold_ore":2,"stat.pickup.minecraft.iron_axe":2,"stat.mineBlock.minecraft.leaves2":1,"stat.damageTaken":1815,"stat.pickup.minecraft.leather":13,"stat.craftItem.iceandfire.armor_green_leggings":1,"stat.pickup.minecraft.written_book":2,"stat.mineBlock.minecraft.furnace":4,"stat.useItem.minecraft.wooden_pickaxe":3,"stat.mineBlock.grimpack.randomite":24,"stat.pickup.minecraft.log2":5,"stat.drop.tconstruct.slimesling":2,"stat.pickup.minecraft.reeds":8,"stat.pickup.minecraft.bed":9,"stat.damageDealt":2317,"stat.sleepInBed":4,"stat.killEntity.if_pixie":1,"stat.killEntity.Cow":13,"stat.walkOneCm":179470,"stat.pickup.minecraft.stick":4,"stat.craftItem.quark.custom_chest":1,"stat.mineBlock.minecraft.wool":1,"stat.pickup.minecraft.cooked_beef":4,"stat.pickup.minecraft.gold_ingot":10,"stat.pickup.forestry.apatite":263,"stat.pickup.ironbackpacks.backpack":4,"stat.mineBlock.forestry.resources":81,"stat.mobKills":26,"stat.pickup.minecraft.quartz":5,"stat.mineBlock.minecraft.leaves":4,"stat.craftItem.iceandfire.armor_green_boots":1,"stat.mineBlock.minecraft.stone":77}