{"stat.pickup.tconstruct.book":1,"stat.killEntity.Bat":1,"stat.walkOneCm":21007,"stat.pickup.immersiveengineering.seed":3,"stat.leaveGame":1,"stat.pickup.minecraft.crafting_table":1,"stat.craftItem.minecraft.crafting_table":1,"stat.jump":201,"stat.swimOneCm":538,"stat.useItem.minecraft.experience_bottle":2,"stat.fallOneCm":4505,"stat.useItem.minecraft.planks":3,"stat.pickup.minecraft.beef":5,"stat.drop.minecraft.planks":10,"stat.crouchOneCm":42,"stat.mineBlock.gravestone.gravestone":1,"stat.sprintOneCm":22669,"stat.pickup.minecraft.experience_bottle":2,"stat.useItem.minecraft.stone_slab2":1,"stat.craftItem.minecraft.stick":4,"stat.craftItem.minecraft.wooden_axe":1,"stat.craftingTableInteraction":1,"stat.craftItem.minecraft.planks":16,"stat.mineBlock.minecraft.log2":4,"stat.damageTaken":115,"stat.pickup.minecraft.feather":1,"stat.mineBlock.minecraft.crafting_table":1,"stat.pickup.minecraft.leather":3,"stat.pickup.minecraft.written_book":1,"stat.mobKills":8,"stat.pickup.minecraft.log2":4,"stat.pickup.minecraft.planks":19,"stat.pickup.minecraft.reeds":8,"stat.flyOneCm":43259,"stat.pickup.minecraft.wheat_seeds":10,"stat.drop":10,"stat.mineBlock.minecraft.leaves":1,"stat.playOneMinute":8240,"stat.killEntity.Sheep":4,"stat.sneakTime":78,"stat.pickup.minecraft.wool":4,"stat.pickup.quark.tallow":3,"stat.damageDealt":681,"stat.timeSinceDeath":8240,"stat.useItem.minecraft.wooden_axe":26,"stat.killEntity.Cow":3,"stat.pickup.grimpack.instruction_manual":1,"stat.mineBlock.minecraft.tallgrass":17,"stat.pickup.minecraft.mutton":8}