{"stat.cakeSlicesEaten":1,"stat.drop.minecraft.waterlily":1,"stat.pickup.minecraft.bone":2,"stat.mineBlock.iceandfire.chared_grass":1,"stat.leaveGame":16,"stat.mineBlock.minecraft.cobblestone":12,"stat.pickup.minecraft.flint":1,"stat.pickup.tconstruct.edible":13,"stat.mineBlock.iceandfire.myrmex_resin_sticky":4,"stat.pickup.gravestone.death_info":5,"stat.pickup.forestry.resources":3,"stat.useItem.harvestcraft.cassavaitem":1,"stat.useItem.harvestcraft.cactusfruititem":3,"stat.useItem.minecraft.mutton":8,"stat.swimOneCm":18800,"stat.drop.minecraft.skull":1,"stat.climbOneCm":1937,"stat.mineBlock.minecraft.web":3,"stat.mineBlock.gravestone.gravestone":1,"stat.pickup.tconstruct.slimesling":1,"stat.pickup.harvestcraft.cactusfruititem":3,"stat.useItem.minecraft.dirt":2,"stat.useItem.minecraft.cookie":3,"stat.useItem.minecraft.stone_slab2":42,"stat.pickup.harvestcraft.chickpeaitem":6,"stat.pickup.minecraft.rotten_flesh":6,"stat.pickup.minecraft.sand":12,"stat.useItem.minecraft.golden_sword":32,"stat.entityKilledBy.Spider":1,"stat.craftItem.minecraft.stone_axe":1,"stat.drop.enderio.item_broken_spawner":2,"stat.craftItem.minecraft.stone_pickaxe":1,"stat.craftItem.minecraft.cooked_beef":6,"stat.pickup.minecraft.cobblestone":23,"stat.pickup.iceandfire.myrmex_resin":4,"stat.pickup.harvestcraft.lentilitem":1,"stat.pickup.enderio.item_broken_spawner":4,"stat.craftItem.minecraft.stone_sword":2,"stat.flyOneCm":1822206,"stat.useItem.minecraft.ender_pearl":1,"stat.entityKilledBy.firedragon":7,"stat.mineBlock.minecraft.sand":13,"stat.pickup.iceandfire.ash":2,"stat.drop.minecraft.wheat_seeds":2,"stat.pickup.mowziesmobs.glowing_jelly":1,"stat.useItem.minecraft.cooked_beef":7,"stat.pickup.minecraft.cactus":18,"stat.drop.harvestcraft.sisalitem":2,"stat.mineBlock.minecraft.iron_ore":6,"stat.timeSinceDeath":24361,"stat.craftItem.minecraft.wooden_pickaxe":1,"stat.useItem.harvestcraft.agaveitem":5,"stat.pickup.minecraft.mutton":13,"stat.killEntity.Bat":1,"stat.pickup.minecraft.double_plant":2,"stat.craftItem.minecraft.bed":1,"stat.drop.gravestone.death_info":9,"stat.drop.minecraft.iron_bars":1,"stat.pickup.minecraft.stonebrick":9,"stat.furnaceInteraction":59,"stat.drop.minecraft.dirt":1,"stat.useItem.minecraft.cooked_porkchop":1,"stat.pickup.minecraft.carpet":15,"stat.mineBlock.minecraft.coal_ore":9,"stat.pickup.minecraft.string":4,"stat.pickup.minecraft.beef":12,"stat.pickup.minecraft.furnace":14,"stat.useItem.minecraft.cooked_mutton":16,"stat.drop.minecraft.cactus":17,"stat.craftItem.minecraft.stone_slab2":0,"stat.sprintOneCm":169619,"stat.entityKilledBy.myrmex_soldier":1,"stat.craftItem.minecraft.stick":8,"stat.drop.minecraft.potion":2,"stat.mineBlock.iceandfire.ash":2,"stat.pickup.minecraft.potion":2,"stat.mineBlock.minecraft.crafting_table":8,"stat.useItem.minecraft.beef":5,"stat.deaths":19,"stat.mineBlock.minecraft.planks":1,"stat.drop":41,"stat.pickup.minecraft.egg":2,"stat.pickup.harvestcraft.cassavaitem":1,"stat.playOneMinute":161498,"stat.killEntity.Sheep":9,"stat.drop.forestry.resources":1,"stat.killEntity.Zombie":7,"stat.pickup.minecraft.iron_bars":10,"stat.drop.minecraft.glass_bottle":1,"stat.entityKilledBy.myrmex_royal":2,"stat.mineBlock.minecraft.tallgrass":19,"stat.craftItem.minecraft.cooked_mutton":12,"stat.diveOneCm":14968,"stat.pickup.minecraft.cooked_mutton":4,"stat.craftItem.minecraft.sandstone":2,"stat.drop.mowziesmobs.glowing_jelly":1,"stat.chestOpened":37,"stat.drop.minecraft.wooden_pickaxe":1,"stat.pickup.minecraft.gravel":3,"stat.pickup.minecraft.waterlily":6,"stat.pickup.minecraft.arrow":1,"stat.craftItem.minecraft.cooked_porkchop":1,"stat.useItem.harvestcraft.lentilitem":1,"stat.useItem.minecraft.waterlily":2,"stat.useItem.minecraft.apple":4,"stat.useItem.minecraft.potion":1,"stat.drop.harvestcraft.chickpeaitem":6,"stat.jump":2247,"stat.useItem.minecraft.sand":2,"stat.pickup.minecraft.coal":27,"stat.useItem.minecraft.experience_bottle":1,"stat.fallOneCm":45554,"stat.pickup.minecraft.iron_ingot":4,"stat.useItem.minecraft.stone_axe":26,"stat.crouchOneCm":21729,"stat.pickup.iceandfire.pixie_dust":2,"stat.craftItem.minecraft.iron_ingot":23,"stat.pickup.minecraft.dirt":7,"stat.pickup.minecraft.experience_bottle":40,"stat.craftingTableInteraction":22,"stat.pickup.minecraft.iron_ore":5,"stat.pickup.tconstruct.slime_congealed":3,"stat.pickup.iceandfire.myrmex_desert_resin":22,"stat.mineBlock.minecraft.iron_bars":8,"stat.mineBlock.harvestcraft.aridgarden":13,"stat.pickup.harvestcraft.agaveitem":5,"stat.mineBlock.minecraft.log2":4,"stat.damageTaken":4963,"stat.pickup.minecraft.feather":1,"stat.pickup.minecraft.leather":1,"stat.craftItem.iceandfire.myrmex_desert_resin_block":5,"stat.mineBlock.minecraft.furnace":14,"stat.killEntity.tconstruct.blueslime":15,"stat.useItem.minecraft.wooden_pickaxe":3,"stat.useItem.minecraft.furnace":8,"stat.pickup.minecraft.log2":11,"stat.pickup.minecraft.planks":11,"stat.pickup.minecraft.reeds":31,"stat.pickup.minecraft.bed":3,"stat.pickup.minecraft.wheat_seeds":3,"stat.useItem.forge.bucketfilled":17,"stat.pickup.minecraft.oak_stairs":5,"stat.entityKilledBy.Zombie":1,"stat.mineBlock.minecraft.gravel":4,"stat.useItem.minecraft.stone_pickaxe":96,"stat.useItem.minecraft.stone_sword":86,"stat.pickup.iceandfire.armor_green_chestplate":1,"stat.pickup.iceandfire.chared_grass":1,"stat.damageDealt":4531,"stat.drop.iceandfire.myrmex_desert_resin":2,"stat.sleepInBed":3,"stat.craftItem.minecraft.baked_potato":2,"stat.killEntity.Cow":3,"stat.mineBlock.minecraft.dirt":10,"stat.useItem.minecraft.crafting_table":2,"stat.drop.iceandfire.armor_green_chestplate":1,"stat.drop.minecraft.reeds":3,"stat.drop.minecraft.stick":7,"stat.useItem.minecraft.iron_bars":1,"stat.mineBlock.iceandfire.myrmex_resin":4,"stat.walkOneCm":341310,"stat.useItem.minecraft.bread":6,"stat.playerKills":1,"stat.pickup.minecraft.stick":2,"stat.pickup.minecraft.crafting_table":8,"stat.useItem.minecraft.cobblestone":76,"stat.craftItem.minecraft.crafting_table":1,"stat.useItem.minecraft.gravel":1,"stat.mineBlock.harvestcraft.pampawpaw":1,"stat.pickup.minecraft.log":8,"stat.useItem.minecraft.cooked_fish":4,"stat.craftItem.minecraft.gold_ingot":4,"stat.pickup.minecraft.stone":1,"stat.drop.minecraft.sapling":1,"stat.pickup.minecraft.baked_potato":2,"stat.pickup.minecraft.chicken":1,"stat.pickup.minecraft.sapling":3,"stat.pickup.iceandfire.myrmex_resin_sticky":2,"stat.pickup.minecraft.cooked_beef":1,"stat.mineBlock.thermalfoundation.ore_fluid":20,"stat.killEntity.Skeleton":2,"stat.mineBlock.minecraft.stonebrick":11,"stat.craftItem.minecraft.planks":48,"stat.killEntity.Chicken":1,"stat.killEntity.Spider":3,"stat.mineBlock.forestry.resources":1,"stat.mobKills":44,"stat.useItem.minecraft.stonebrick":13,"stat.mineBlock.minecraft.log":6,"stat.pickup.harvestcraft.sisalitem":2,"stat.mineBlock.minecraft.waterlily":7,"stat.drop.minecraft.written_book":2,"stat.pickup.tconstruct.slime_boots":1,"stat.sneakTime":10994,"stat.pickup.minecraft.wool":10,"stat.useItem.minecraft.baked_potato":2,"stat.mineBlock.minecraft.stone":13,"stat.useItem.minecraft.fishing_rod":16,"stat.useItem.minecraft.web":1}