{"stat.chestOpened":2,"stat.cakeSlicesEaten":1,"stat.walkOneCm":22727,"stat.useItem.minecraft.bread":1,"stat.mineBlock.iceandfire.chared_grass":1,"stat.drop.minecraft.wooden_pickaxe":1,"stat.pickup.minecraft.waterlily":3,"stat.pickup.minecraft.arrow":1,"stat.pickup.minecraft.crafting_table":3,"stat.craftItem.minecraft.crafting_table":1,"stat.useItem.minecraft.apple":1,"stat.useItem.minecraft.mutton":1,"stat.jump":98,"stat.swimOneCm":2455,"stat.fallOneCm":2094,"stat.pickup.minecraft.furnace":1,"stat.useItem.minecraft.stone_axe":2,"stat.crouchOneCm":1256,"stat.mineBlock.gravestone.gravestone":1,"stat.pickup.minecraft.dirt":1,"stat.sprintOneCm":7544,"stat.useItem.minecraft.stone_slab2":4,"stat.craftItem.minecraft.stick":8,"stat.craftingTableInteraction":4,"stat.killEntity.Skeleton":1,"stat.mineBlock.iceandfire.ash":2,"stat.craftItem.minecraft.planks":16,"stat.craftItem.minecraft.stone_axe":1,"stat.mineBlock.minecraft.log2":4,"stat.damageTaken":84,"stat.mineBlock.minecraft.crafting_table":3,"stat.craftItem.minecraft.stone_pickaxe":1,"stat.mineBlock.minecraft.furnace":1,"stat.useItem.minecraft.wooden_pickaxe":3,"stat.pickup.minecraft.cobblestone":10,"stat.mobKills":2,"stat.pickup.minecraft.log2":4,"stat.pickup.minecraft.planks":10,"stat.mineBlock.minecraft.waterlily":4,"stat.pickup.minecraft.reeds":28,"stat.craftItem.minecraft.stone_sword":1,"stat.flyOneCm":25650,"stat.drop":1,"stat.pickup.iceandfire.ash":2,"stat.playOneMinute":6886,"stat.useItem.minecraft.stone_pickaxe":8,"stat.killEntity.Sheep":1,"stat.sneakTime":762,"stat.useItem.minecraft.stone_sword":7,"stat.pickup.minecraft.wool":1,"stat.pickup.iceandfire.chared_grass":1,"stat.damageDealt":305,"stat.timeSinceDeath":6886,"stat.mineBlock.minecraft.dirt":1,"stat.craftItem.minecraft.wooden_pickaxe":1,"stat.mineBlock.minecraft.stone":10,"stat.mineBlock.minecraft.tallgrass":3,"stat.diveOneCm":1965,"stat.pickup.minecraft.mutton":1}