{"stat.walkOneCm":21612,"stat.pickup.immersiveengineering.seed":3,"stat.leaveGame":4,"stat.mineBlock.minecraft.double_plant":11,"stat.jump":138,"stat.swimOneCm":674,"stat.fallOneCm":3514,"stat.pickup.minecraft.beef":4,"stat.entityKilledBy.Skeleton":1,"stat.crouchOneCm":112,"stat.pickup.minecraft.chicken":1,"stat.sprintOneCm":33034,"stat.useItem.cwsr.peaceful_nature":28,"stat.killEntity.Chicken":1,"stat.damageTaken":1280,"stat.pickup.minecraft.feather":1,"stat.mobKills":4,"stat.useItem.minecraft.beef":4,"stat.flyOneCm":47085,"stat.deaths":5,"stat.entityKilledBy.firedragon":3,"stat.pickup.minecraft.wheat_seeds":8,"stat.playOneMinute":8680,"stat.entityKilledBy.Zombie":1,"stat.sneakTime":29,"stat.pickup.quark.tallow":3,"stat.damageDealt":1259,"stat.timeSinceDeath":2100,"stat.killEntity.Cow":2,"stat.pickup.minecraft.yellow_flower":1,"stat.killEntity.Pig":1,"stat.mineBlock.minecraft.tallgrass":76}