{"stat.walkOneCm":11519,"stat.pickup.immersiveengineering.seed":3,"stat.leaveGame":3,"stat.mineBlock.minecraft.double_plant":11,"stat.jump":104,"stat.fallOneCm":2005,"stat.pickup.minecraft.beef":4,"stat.crouchOneCm":112,"stat.pickup.minecraft.chicken":1,"stat.sprintOneCm":27406,"stat.killEntity.Chicken":1,"stat.damageTaken":200,"stat.pickup.minecraft.feather":1,"stat.mobKills":4,"stat.useItem.minecraft.beef":4,"stat.flyOneCm":20316,"stat.pickup.minecraft.wheat_seeds":7,"stat.playOneMinute":4190,"stat.sneakTime":18,"stat.pickup.quark.tallow":3,"stat.damageDealt":369,"stat.timeSinceDeath":4190,"stat.killEntity.Cow":2,"stat.killEntity.Pig":1,"stat.mineBlock.minecraft.tallgrass":75}