{"stat.cakeSlicesEaten":3,"stat.pickup.minecraft.bone":4,"stat.killEntity.myrmex_sentinel":1,"stat.leaveGame":11,"stat.mineBlock.minecraft.cobblestone":3,"stat.pickup.minecraft.stone_pickaxe":3,"stat.entityKilledBy.Witch":1,"stat.pickup.gravestone.death_info":9,"stat.pickup.forestry.resources":1,"stat.pickup.iceandfire.deathworm_chitin":6,"stat.useItem.minecraft.mutton":11,"stat.swimOneCm":11282,"stat.useItem.minecraft.planks":6,"stat.pickup.minecraft.enchanted_book":4,"stat.climbOneCm":30,"stat.pickup.minecraft.glowstone_dust":9,"stat.pickup.minecraft.cooked_porkchop":2,"stat.pickup.minecraft.porkchop":5,"stat.mineBlock.gravestone.gravestone":4,"stat.pickup.tconstruct.slimesling":2,"stat.useItem.minecraft.cookie":6,"stat.useItem.minecraft.stone_slab2":223,"stat.pickup.harvestcraft.chickpeaitem":6,"stat.useItem.cwsr.peaceful_nature":32,"stat.pickup.minecraft.rotten_flesh":8,"stat.craftItem.minecraft.furnace":3,"stat.entityKilledBy.Spider":1,"stat.drop.harvestcraft.lentilitem":1,"stat.useItem.thermalfoundation.tool.bow_platinum":3,"stat.pickup.minecraft.name_tag":1,"stat.craftItem.minecraft.stone_pickaxe":1,"stat.pickup.minecraft.cobblestone":44,"stat.pickup.harvestcraft.lentilitem":1,"stat.pickup.enderio.item_broken_spawner":9,"stat.craftItem.minecraft.stone_sword":1,"stat.flyOneCm":1785051,"stat.pickup.minecraft.glass_bottle":2,"stat.entityKilledBy.firedragon":8,"stat.pickup.quark.tallow":18,"stat.drop.harvestcraft.sisalitem":2,"stat.mineBlock.minecraft.iron_ore":21,"stat.timeSinceDeath":1962,"stat.drop.harvestcraft.cassavaitem":1,"stat.pickup.minecraft.mutton":41,"stat.drop.minecraft.cooked_mutton":4,"stat.pickup.minecraft.double_plant":4,"stat.killEntity.Bat":1,"stat.craftItem.minecraft.bed":2,"stat.useItem.minecraft.potato":2,"stat.pickup.enderio.item_basic_capacitor":4,"stat.pickup.minecraft.stonebrick":40,"stat.furnaceInteraction":14,"stat.useItem.minecraft.cooked_porkchop":2,"stat.mineBlock.minecraft.coal_ore":15,"stat.killEntity.Creeper":3,"stat.pickup.minecraft.string":15,"stat.pickup.minecraft.beef":6,"stat.useItem.minecraft.cooked_mutton":2,"stat.entityKilledBy.Skeleton":1,"stat.craftItem.minecraft.stone_slab2":0,"stat.pickup.minecraft.leather_helmet":1,"stat.useItem.minecraft.written_book":1,"stat.pickup.iceandfire.armor_green_boots":1,"stat.sprintOneCm":301553,"stat.pickup.minecraft.skull":2,"stat.craftItem.minecraft.stick":8,"stat.pickup.minecraft.potion":1,"stat.killEntity.myrmex_soldier":1,"stat.drop.tconstruct.slime_congealed":2,"stat.killEntity.Husk":1,"stat.useItem.minecraft.carrot":7,"stat.pickup.minecraft.leather_leggings":1,"stat.useItem.minecraft.beef":4,"stat.deaths":25,"stat.drop":32,"stat.pickup.harvestcraft.cassavaitem":1,"stat.playOneMinute":162273,"stat.drop.minecraft.string":10,"stat.killEntity.Sheep":27,"stat.pickup.minecraft.slime_ball":6,"stat.killEntity.Zombie":3,"stat.pickup.minecraft.iron_bars":5,"stat.mineBlock.minecraft.tallgrass":109,"stat.craftItem.minecraft.cooked_mutton":6,"stat.diveOneCm":11597,"stat.pickup.minecraft.cooked_mutton":1,"stat.chestOpened":18,"stat.killEntity.BrainyZombie":1,"stat.pickup.iceandfire.myrmex_desert_chitin":25,"stat.useItem.minecraft.stone":5,"stat.pickup.minecraft.gravel":2,"stat.pickup.minecraft.arrow":29,"stat.craftItem.minecraft.cooked_porkchop":4,"stat.useItem.minecraft.apple":2,"stat.killEntity.myrmex_royal":10,"stat.useItem.minecraft.potion":1,"stat.useItem.minecraft.rotten_flesh":5,"stat.drop.harvestcraft.chickpeaitem":6,"stat.jump":1323,"stat.pickup.minecraft.coal":21,"stat.fallOneCm":23783,"stat.pickup.minecraft.iron_ingot":8,"stat.drop.minecraft.stone":2,"stat.pickup.minecraft.carrot":9,"stat.pickup.minecraft.gunpowder":4,"stat.crouchOneCm":220,"stat.craftItem.minecraft.torch":16,"stat.pickup.minecraft.dirt":6,"stat.pickup.minecraft.experience_bottle":4,"stat.drop.minecraft.slime_ball":2,"stat.craftingTableInteraction":3,"stat.pickup.minecraft.iron_ore":23,"stat.pickup.tconstruct.slime_congealed":2,"stat.pickup.iceandfire.myrmex_desert_resin":6,"stat.killEntity.myrmex_queen":1,"stat.mineBlock.minecraft.iron_bars":2,"stat.pickup.minecraft.cookie":1,"stat.damageTaken":5304,"stat.pickup.minecraft.feather":1,"stat.pickup.minecraft.leather":2,"stat.mineBlock.minecraft.red_flower":1,"stat.pickup.minecraft.written_book":1,"stat.useItem.minecraft.furnace":2,"stat.mineBlock.grimpack.randomite":7,"stat.pickup.minecraft.log2":2,"stat.pickup.minecraft.planks":44,"stat.pickup.minecraft.reeds":4,"stat.pickup.minecraft.bed":8,"stat.pickup.minecraft.wheat_seeds":25,"stat.pickup.minecraft.potato":6,"stat.pickup.enderio.item_material":1,"stat.entityKilledBy.Zombie":2,"stat.mineBlock.minecraft.gravel":1,"stat.useItem.minecraft.stone_pickaxe":81,"stat.useItem.minecraft.stone_sword":110,"stat.damageDealt":10808,"stat.useItem.minecraft.wool":1,"stat.sleepInBed":5,"stat.killEntity.Cow":6,"stat.drop.enderio.item_material":1,"stat.mineBlock.minecraft.dirt":3,"stat.killEntity.Pig":4,"stat.walkOneCm":299543,"stat.pickup.immersiveengineering.seed":6,"stat.useItem.minecraft.torch":6,"stat.playerKills":1,"stat.pickup.minecraft.stick":15,"stat.useItem.minecraft.cobblestone":8,"stat.craftItem.minecraft.crafting_table":2,"stat.mineBlock.minecraft.double_plant":17,"stat.pickup.minecraft.log":16,"stat.pickup.minecraft.tnt":1,"stat.pickup.minecraft.stone":14,"stat.pickup.minecraft.chicken":1,"stat.pickup.minecraft.sapling":3,"stat.killEntity.Treasure":1,"stat.entityKilledBy.Enderman":1,"stat.pickup.minecraft.apple":2,"stat.pickup.minecraft.gold_ingot":1,"stat.killEntity.Skeleton":3,"stat.pickup.iceandfire.myrmex_stinger":4,"stat.pickup.forestry.apatite":32,"stat.mineBlock.minecraft.stonebrick":11,"stat.craftItem.minecraft.planks":64,"stat.killEntity.Chicken":1,"stat.killEntity.Spider":1,"stat.pickup.minecraft.stone_sword":3,"stat.mineBlock.minecraft.glowstone":1,"stat.mineBlock.forestry.resources":5,"stat.mobKills":66,"stat.useItem.minecraft.stonebrick":10,"stat.mineBlock.minecraft.log":16,"stat.pickup.harvestcraft.sisalitem":2,"stat.pickup.minecraft.diamond":4,"stat.mineBlock.minecraft.leaves":16,"stat.pickup.minecraft.torch":20,"stat.pickup.tconstruct.slime_boots":2,"stat.pickup.thaumcraft.brain":12,"stat.sneakTime":839,"stat.pickup.minecraft.wool":41,"stat.killEntity.firedragon":1,"stat.pickup.minecraft.cooked_fish":1,"stat.pickup.minecraft.yellow_flower":1,"stat.mineBlock.minecraft.stone":13,"stat.drop.minecraft.grass":1}