{"stat.pickup.minecraft.double_plant":2,"stat.walkOneCm":45899,"stat.pickup.immersiveengineering.seed":5,"stat.leaveGame":5,"stat.mineBlock.minecraft.double_plant":12,"stat.pickup.gravestone.death_info":2,"stat.pickup.minecraft.log":6,"stat.useItem.minecraft.rotten_flesh":1,"stat.useItem.minecraft.mutton":1,"stat.jump":221,"stat.swimOneCm":674,"stat.fallOneCm":4617,"stat.pickup.minecraft.beef":4,"stat.entityKilledBy.Skeleton":1,"stat.crouchOneCm":112,"stat.pickup.minecraft.chicken":1,"stat.mineBlock.gravestone.gravestone":2,"stat.pickup.minecraft.sapling":1,"stat.sprintOneCm":66793,"stat.useItem.minecraft.stone_slab2":2,"stat.useItem.cwsr.peaceful_nature":32,"stat.pickup.minecraft.rotten_flesh":1,"stat.craftItem.minecraft.planks":24,"stat.killEntity.Chicken":1,"stat.damageTaken":1495,"stat.pickup.minecraft.feather":1,"stat.mobKills":6,"stat.mineBlock.minecraft.log":6,"stat.useItem.minecraft.beef":4,"stat.flyOneCm":84973,"stat.deaths":5,"stat.entityKilledBy.firedragon":3,"stat.pickup.minecraft.wheat_seeds":11,"stat.mineBlock.minecraft.leaves":2,"stat.playOneMinute":19344,"stat.entityKilledBy.Zombie":1,"stat.killEntity.Sheep":1,"stat.sneakTime":29,"stat.pickup.minecraft.wool":1,"stat.pickup.quark.tallow":3,"stat.damageDealt":1650,"stat.killEntity.Zombie":1,"stat.timeSinceDeath":12764,"stat.killEntity.Cow":2,"stat.pickup.minecraft.yellow_flower":1,"stat.killEntity.Pig":1,"stat.mineBlock.minecraft.tallgrass":88,"stat.pickup.minecraft.mutton":1}